{"cameraMode":{"drawMode":0,"name":"Shaded","section":"Shading Mode"},"sceneLighting":false,"audioPlay":false,"sceneViewState":{"showFog":true,"showMaterialUpdate":false,"showSkybox":true,"showFlares":true,"showImageEffects":true,"showParticleSystems":true},"in2DMode":false,"pivot":{"x":-0.9300000071525574,"y":1.0099999904632569,"z":23.621286392211915},"rotation":{"x":0.0039423503912985329,"y":-0.9960521459579468,"z":0.06433583050966263,"w":0.061037566512823108},"size":3.570406675338745,"orthographic":false}